		
	INSERT INTO public.uf(iduf, ufextenso, uf)
		VALUES
			(1,'Acre','AC'),
			(2,'Alagoas','AL'),
			(3,'Amapá','AP'),
			(4,'Amazonas','AM'),
			(5,'Bahia','BA'),
			(6,'Ceará','CE'),
			(7,'Distrito Federal','DF'),
			(8,'Espírito Santo','ES'),
			(9,'Goiás','GO'),
			(10,'Maranhão','MA'),
			(11,'Mato Grosso','MT'),
			(12,'Mato Grosso do Sul','MS'),
			(13,'Minas Gerais','MG'),
			(14,'Pará','PA'),
			(15,'Paraíba','PB'),
			(16,'Paraná','PR'),
			(17,'Pernambuco','PE'),
			(18,'Piauí','PI'),
			(19,'Rio de Janeiro','RJ'),
			(20,'Rio Grande do Norte','RN'),
			(21,'Rio Grande do Sul','RS'),
			(22,'Rondônia','RO'),
			(23,'Roraima','RR'),
			(24,'Santa Catarina','SC'),
			(25,'São Paulo','SP'),
			(26,'Sergipe','SE'),
			(27,'Tocantins','TO');		
		
		
	
	INSERT INTO cidade(idcidade, iduf, cidade, codreceita)
		VALUES
			( 1, 21, 'Alegrete', 8507 ),
			( 2, 7, 'Brasilia', 9701),
			( 3, 21, 'Itaquí', 8713),
			( 4, 21, 'Manoel Viana', 6079),
			( 5, 21, 'Porto Alegre', 8801),
			( 6, 21, 'Rosário do Sul', 8831),
			( 7, 21, 'Santa Maria', 8841),
			( 8, 21, 'Santana do Livramento', 8845),
			( 9, 21, 'São Borja', 8863),
			( 10, 21, 'São Francisco de Assis', 8865),
			( 11, 25, 'São Paulo', 7107),
			( 12, 21, 'São Vicente do Sul', 8675),
			( 13, 21, 'Uruguaiana', 8951),
			( 14, 13, 'Sete Lagoas', 5343),
			( 15, 13, 'Funilândia', 4543),
			( 16, 13, 'Jequitibá', 4713),
			( 17, 13, 'Santana do Riacho', 5179),
			( 18, 13, 'Araçaí', 4063);


	INSERT INTO templatetipo(idtemplatetipo, templatetipo)
		VALUES
			(1, 'Atestado'),
			(2, 'Certificado'),
			(3, 'Cobrança'),
			(4, 'Contrato'),
			(5, 'Ficha'),
			(6, 'Recibo'),
			(7, 'Laudo'),
			(8, 'Diversos'),
			(9, 'Molde');

	INSERT INTO pessoa.pessoa( idpessoa, idcidade,pessoa, cnpjcpf) VALUES ( 1, 1, 'Pessoa Inicial - Responsável pela empresa', '00000000000');

	INSERT INTO pessoa.pessoadetalhe(idpessoadetalhe, pessoadetalhe, requerido)
		VALUES
			( 1, '<font color="red">Bairro*</font>', true),
			( 2, 'Banco <font size=-2>(Nº - Nome)</font>', true),
			( 3, 'Banco Agência <font size=-2>(AG - DV)</font>', true),
			( 4, 'Banco Conta Corrente <font size=-2>(Nº - DV - CC ou CP)</font>', true),
			( 5, 'Banco Nome do Depósito', true),
			( 6, '<font color="red">CEP* (só números)*</font>', true),
			( 7, 'Conjuge', false),
			( 8, 'Dependente', false),
			( 9, 'Dt. Fundação (dd/mm/aaaa)', false),
			(10, 'Dt. Nascimento (dd/mm/aaaa)', false),
			(11, '<font color="red">Email*</font>', true),
			(12, '<font color="red">Endereço*</font>', true),
			(13, 'Estado Civil', false),
			(14, '<font color="red">Fone(s)*</font>', true),
			(15, 'Inscrição Estadual', false),
			(16, 'Inscrição Municipal', false),
			(17, 'Nacionalidade', false),
			(18, 'Naturalidade', false),
			(19, 'Nome Fantasia', false),
			(20, 'Observações', false),
			(21, 'Pasta Nº', false),
			(22, 'Profissão', false),
			(23, 'Responsável(eis)', false),
			(24, 'RG', false),
			(25, 'Senha', false),
			(26, 'Site (URL)', false),
			(27, 'Sócio(s)', false),
			(28, 'Empresa <font size=-2> (MEI, LIMITED, INDIVIDUAL ou ASSOCIATION) </font>', false),
			(29, '<font color= "red" >Celular/WhatsApp*</font>', true),
			(30, '<font color= "red" >End. Casa / Prédio Nº*</font>', true),
			(31, 'End. Complemento', false),
			(32, 'CRECI', false);

	INSERT INTO config(idconfig,
	                   idcidade,
	                   idresponsavel,
	                   razaosocial,
	                   nomefantasia,
	                   endereco,
	                   whurl,
	                   whapiversion,
	                   whnurl,
	                   whnapiversion,
	                   whturl,
	                   whtapiversion,
	                   zstoken)
	    VALUES (
	        1,
	        1,
	        1,
	        'Razão Social Inicial',
	        'Nome Fantasia Inicial',
	        'Endereço',
	        'https://services.imobik.com.br/asaas/imobi_global_cobranca_wh.php',
	        3,
	        'https://services.imobik.com.br/asaas/imobi_global_cobranca_wh.php',
	        3,
	        'https://services.imobik.com.br/asaas/imobi_transferencia_wh.php',
	        3,
	        'e44fe29f-42ee-4c35-9eca-9f371cca7c2c52d5ed2c-6855-44ed-b752-ce5a4c74a6a6');
	
	INSERT INTO imovel.imovelsituacao(imovelsituacao)
		VALUES
			('Locação'),
			('Locado'),
			('Venda'),
			('Outros'),
			('Locação e Venda'),
			('Vendido');
	
	INSERT INTO imovel.imoveldestino(idimoveldestino, imoveldestino)
		VALUES
			(1, 'Comercial'),
			(2, 'Residencial'),
			(3, 'Comercial e Residencial'),
			(4, 'Outros'),
			(5, 'Temporada');
	
	INSERT INTO imovel.imoveltipo( idimoveltipo, imoveltipo)
		VALUES
			(1, 'Apartamento'),
			(2, 'Área Rural'),
			(3, 'Bangalô'),
			(4, 'Box'),
			(5, 'Casa'),
			(6, 'Chácara'),
			(7, 'Cobertura'),
			(8, 'Duplex'),
			(9, 'Edícula'),
			(10, 'Flat'),
			(11, 'Galpão'),
			(12, 'Garden'),
			(13, 'Loft'),
			(14, 'Loja'),
			(15, 'Mansão'),
			(16, 'Ponto Comercial'),
			(17, 'Quarto de Hotel'),
			(18, 'Quitinete'),
			(19, 'Sala Comercial'),
			(20, 'Sobrado'),
			(21, 'Studio'),
			(22, 'Terreno'),
			(23, 'Terreno Comercial'),
			(24, 'Terreno Residencial'),
			(25, 'Triplex');
	
	INSERT INTO imovel.imovelmaterial(idimovelmaterial, imovelmaterial)
		VALUES
			(1, 'Alvenaria'),
			(2, 'Drywall'),
			(3, 'Madeira'),
			(4, 'Mista'),
			(5, 'Pré-fabricada'),
			(6, 'Terra Nua');
	

	INSERT INTO imovel.imoveldetalhe( idimoveldetalhe, imoveldetalhe, caracterizacao, flagimovel, flagvistoria, idparent)
		VALUES
			( 1, 'Abrigo(s)', null, true, true, null ),
			( 2, 'Aquecedor(es)', null, true, true, null ),
			( 3, 'Área(s) de Serviço', null, true, true, null ),
			( 4, 'Banheiro(s)', null, true, true, null ),
			( 5, 'Biblioteca(s)', null, true, true, null ),
			( 6, 'Churrasqueira(s)', null, true, true, null ),
			( 7, 'Closet(s)', null, true, true, null ),
			( 8, 'Condicionador(es) de Ar', null, true, true, null ),
			( 9, 'Copa(s)', null, true, true, null ),
			( 10, 'Dependência(s) Empregados', null, true, true, null ),
			( 11, 'Despensa(s)', null, true, true, null ),
			( 12, 'Dormitório(s)', null, true, true, null ),
			( 13, 'Escritório(s)', null, true, true, null ),
			( 14, 'Home Office', null, true, true, null ),
			( 15, 'Lareira(s)', null, true, true, null ),
			( 16, 'Lavabo', null, true, true, null ),
			( 17, 'Lavanderia(s)', null, true, true, null ),
			( 18, 'Living(s)', null, true, true, null ),
			( 19, 'Mesanino(s)', null, true, true, null ),
			( 20, 'Outros', null, true, true, null ),
			( 21, 'Pátio(s)', null, true, true, null ),
			( 22, 'Piscina(s)', null, true, true, null ),
			( 23, 'Quarto(s) Casal', null, true, true, null ),
			( 24, 'Quarto(s) Hospede', null, true, true, null ),
			( 25, 'Quarto(s) Solteiro', null, true, true, null ),
			( 26, 'Sacada(s)', null, true, true, null ),
			( 27, 'Sala de Estar', null, true, true, null ),
			( 28, 'Sala de Jantar', null, true, true, null ),
			( 29, 'Sala(s)', null, true, true, null ),
			( 30, 'Salão(ôes)', null, true, true, null ),
			( 31, 'Split(s)', null, true, true, null ),
			( 32, 'Suite(s)', null, true, true, null ),
			( 33, 'Terraço', null, true, true, null ),
			( 34, 'Vaga(s) Garagem', null, true, true, null ),
			( 35, 'Varanda(s)', null, true, true, null ),
			( 36, 'Destaque', null, true, true, null ),
			( 37, 'Cozinha(s)', null, true, true, null );
	
	
			
	INSERT INTO financeiro.faturadetalheitem(idfaturadetalheitem, faturadetalheitem, municipalserviceid, municipalservicecode, municipalservicename, retainiss, iss, cofins, csll, inss, ir, pis, ehservico, ehdespesa)
		VALUES
			(1, 'Aluguel', null, null, null, false, null, null, null, null, null, null, true, false),
			(2, 'Arrendamento', null, null, null, false, null, null, null, null, null, null, true, false),
			(3, 'Caução', null, null, null, false, null, null, null, null, null, null, false, false),
			(4, 'Condomínio', null, null, null, false, null, null, null, null, null, null, false, false),
			(5, 'Dias de Aluguel', null, null, null, false, null, null, null, null, null, null, true, false),
			(6, 'Garagem Aluguel', null, null, null, false, null, null, null, null, null, null, true, false),
			(7, 'Garagem Taxa', null, null, null, false, null, null, null, null, null, null, false, false),
			(8, 'IPTU', null, null, null, false, null, null, null, null, null, null, false, false),
			(9, 'Seguro Incêndio', null, null, null, false, null, null, null, null, null, null, false, false),
			(10, 'Taxa Cobrança (boleto/pix)', null, null, null, false, null, null, null, null, null, null, false, true),
			(11, 'Taxa de Água', null, null, null, false, null, null, null, null, null, null, false, false), 
			(12, 'Taxa de Luz', null, null, null, false, null, null, null, null, null, null, false, false),
			(13, 'Taxa de Gás', null, null, null, false, null, null, null, null, null, null, false, false),
			(14, 'Conta a Receber ', null, null, null, false, null, null, null, null, null, null, false, false),
			(15, 'Conta a Pagar', null, null, null, false, null, null, null, null, null, null, false, false),
			(16, 'Outros', null, null, null, false, null, null, null, null, null, null, false, false);


			
	INSERT INTO financeiro.banco(idbanco, codbanco, banco)
		VALUES
			(1, '001', 'BANCO DO BRASIL S.A (BB)' ),
			(2, '237', 'BRADESCO S.A' ),
			(3, '335', 'Banco Digio S.A' ),
			(4, '260', 'NU PAGAMENTOS S.A (NUBANK)' ),
			(5, '290', 'Pagseguro Internet S.A (PagBank)' ),
			(6, '380', 'PicPay Servicos S.A.' ),
			(7, '323', 'Mercado Pago - conta do Mercado Livre' ),
			(8, '237', 'NEXT BANK (UTILIZAR O MESMO CÓDIGO DO BRADESCO)' ),
			(9, '637', 'BANCO SOFISA S.A (SOFISA DIRETO)' ),
			(10, '077', 'BANCO INTER S.A' ),
			(11, '341', 'ITAÚ UNIBANCO S.A' ),
			(12, '104', 'CAIXA ECONÔMICA FEDERAL (CEF)' ),
			(13, '033', 'BANCO SANTANDER BRASIL S.A' ),
			(14, '212', 'BANCO ORIGINAL S.A' ),
			(15, '756', 'BANCOOB (BANCO COOPERATIVO DO BRASIL)' ),
			(16, '655', 'BANCO VOTORANTIM S.A' ),
			(17, '655', 'NEON PAGAMENTOS S.A (OS MESMOS DADOS DO BANCO VOTORANTIM)' ),
			(18, '041', 'BANRISUL - BANCO DO ESTADO DO RIO GRANDE DO SUL S.A' ),
			(19, '389', 'BANCO MERCANTIL DO BRASIL S.A' ),
			(20, '422', 'BANCO SAFRA S.A' ),
			(21, '070', 'BANCO DE BRASÍLIA (BRB)' ),
			(22, '136', 'UNICRED COOPERATIVA' ),
			(23, '741', 'BANCO RIBEIRÃO PRETO' ),
			(24, '739', 'BANCO CETELEM S.A' ),
			(25, '743', 'BANCO SEMEAR S.A' ),
			(26, '100', 'PLANNER CORRETORA DE VALORES S.A' ),
			(27, '096', 'BANCO B3 S.A' ),
			(28, '747', 'Banco RABOBANK INTERNACIONAL DO BRASIL S.A' ),
			(29, '748', 'SICREDI S.A' ),
			(30, '752', 'BNP PARIBAS BRASIL S.A' ),
			(31, '091', 'UNICRED CENTRAL RS' ),
			(32, '399', 'KIRTON BANK' ),
			(33, '108', 'PORTOCRED S.A' ),
			(34, '757', 'BANCO KEB HANA DO BRASIL S.A' ),
			(35, '102', 'XP INVESTIMENTOS S.A' ),
			(36, '348', 'BANCO XP S/A' ),
			(37, '340', 'SUPER PAGAMENTOS S/A (SUPERDITAL)' ),
			(38, '364', 'GERENCIANET PAGAMENTOS DO BRASIL' ),
			(39, '084', 'UNIPRIME NORTE DO PARANÁ' ),
			(40, '180', 'CM CAPITAL MARKETS CCTVM LTDA' ),
			(41, '066', 'BANCO MORGAN STANLEY S.A' ),
			(42, '015', 'UBS BRASIL CCTVM S.A' ),
			(43, '143', 'TREVISO CC S.A' ),
			(44, '062', 'HIPERCARD BM S.A' ),
			(45, '074', 'BCO. J.SAFRA S.A' ),
			(46, '099', 'UNIPRIME CENTRAL CCC LTDA' ),
			(47, '025', 'BANCO ALFA S.A.' ),
			(48, '075', 'BCO ABN AMRO S.A' ),
			(49, '040', 'BANCO CARGILL S.A' ),
			(50, '190', 'SERVICOOP' ),
			(51, '063', 'BANCO BRADESCARD' ),
			(52, '191', 'NOVA FUTURA CTVM LTDA' ),
			(53, '064', 'GOLDMAN SACHS DO BRASIL BM S.A' ),
			(54, '097', 'CCC NOROESTE BRASILEIRO LTDA' ),
			(55, '016', 'CCM DESP TRÂNS SC E RS' ),
			(56, '012', 'BANCO INBURSA' ),
			(57, '003', 'BANCO DA AMAZÔNIA S.A' ),
			(58, '060', 'CONFIDENCE CC S.A' ),
			(59, '037', 'BANCO DO ESTADO DO PARÁ S.A' ),
			(60, '159', 'CASA CREDITO S.A' ),
			(61, '172', 'ALBATROSS CCV S.A' ),
			(62, '085', 'COOP CENTRAL AILOS' ),
			(63, '114', 'CENTRAL COOPERATIVA DE CRÉDITO NO ESTADO DO ESPÍRITO SANTO' ),
			(64, '036', 'BANCO BBI S.A' ),
			(65, '394', 'BANCO BRADESCO FINANCIAMENTOS S.A' ),
			(66, '004', 'BANCO DO NORDESTE DO BRASIL S.A.' ),
			(67, '320', 'BANCO CCB BRASIL S.A' ),
			(68, '189', 'HS FINANCEIRA' ),
			(69, '105', 'LECCA CFI S.A' ),
			(70, '076', 'BANCO KDB BRASIL S.A.' ),
			(71, '082', 'BANCO TOPÁZIO S.A' ),
			(72, '286', 'CCR DE OURO' ),
			(73, '093', 'PÓLOCRED SCMEPP LTDA' ),
			(74, '273', 'CCR DE SÃO MIGUEL DO OESTE' ),
			(75, '157', 'ICAP DO BRASIL CTVM LTDA' ),
			(76, '183', 'SOCRED S.A' ),
			(77, '014', 'NATIXIS BRASIL S.A' ),
			(78, '130', 'CARUANA SCFI' ),
			(79, '127', 'CODEPE CVC S.A' ),
			(80, '079', 'BANCO ORIGINAL DO AGRONEGÓCIO S.A' ),
			(81, '081', 'BBN BANCO BRASILEIRO DE NEGÓCIOS S.A' ),
			(82, '118', 'STANDARD CHARTERED BI S.A' ),
			(83, '133', 'CRESOL CONFEDERAÇÃO' ),
			(84, '121', 'BANCO AGIBANK S.A' ),
			(85, '083', 'BANCO DA CHINA BRASIL S.A' ),
			(86, '138', 'GET MONEY CC LTDA' ),
			(87, '024', 'BCO BANDEPE S.A' ),
			(88, '095', 'BANCO CONFIDENCE DE CÂMBIO S.A' ),
			(89, '094', 'BANCO FINAXIS' ),
			(90, '276', 'SENFF S.A' ),
			(91, '137', 'MULTIMONEY CC LTDA' ),
			(92, '092', 'BRK S.A' ),
			(93, '047', 'BANCO BCO DO ESTADO DE SERGIPE S.A' ),
			(94, '144', 'BEXS BANCO DE CÂMBIO S.A.' ),
			(95, '126', 'BR PARTNERS BI' ),
			(96, '301', 'BPP INSTITUIÇÃO DE PAGAMENTOS S.A' ),
			(97, '173', 'BRL TRUST DTVM SA' ),
			(98, '119', 'BANCO WESTERN UNION' ),
			(99, '254', 'PARANA BANCO S.A' ),
			(100, '268', 'BARIGUI CH' ),
			(101, '107', 'BANCO BOCOM BBM S.A' ),
			(102, '412', 'BANCO CAPITAL S.A' ),
			(103, '124', 'BANCO WOORI BANK DO BRASIL S.A' ),
			(104, '149', 'FACTA S.A. CFI' ),
			(105, '197', 'STONE PAGAMENTOS S.A' ),
			(106, '142', 'BROKER BRASIL CC LTDA' ),
			(107, '389', 'BANCO MERCANTIL DO BRASIL S.A.' ),
			(108, '184', 'BANCO ITAÚ BBA S.A' ),
			(109, '634', 'BANCO TRIANGULO S.A (BANCO TRIÃNGULO)' ),
			(110, '545', 'SENSO CCVM S.A' ),
			(111, '132', 'ICBC DO BRASIL BM S.A' ),
			(112, '298', 'VIPS CC LTDA' ),
			(113, '129', 'UBS BRASIL BI S.A' ),
			(114, '128', 'MS BANK S.A BANCO DE CÃMBIO' ),
			(115, '194', 'PARMETAL DTVM LTDA' ),
			(116, '310', 'VORTX DTVM LTDA' ),
			(117, '163', 'COMMERZBANK BRASIL S.A BANCO MÚLTIPLO' ),
			(118, '280', 'AVISTA S.A' ),
			(119, '146', 'GUITTA CC LTDA' ),
			(120, '279', 'CCR DE PRIMAVERA DO LESTE' ),
			(121, '182', 'DACASA FINANCEIRA S/A' ),
			(122, '278', 'GENIAL INVESTIMENTOS CVM S.A' ),
			(123, '271', 'IB CCTVM LTDA' ),
			(124, '021', 'BANCO BANESTES S.A' ),
			(125, '246', 'BANCO ABC BRASIL S.A' ),
			(126, '751', 'SCOTIABANK BRASIL' ),
			(127, '208', 'BANCO BTG PACTUAL S.A' ),
			(128, '746', 'BANCO MODAL S.A' ),
			(129, '241', 'BANCO CLASSICO S.A' ),
			(130, '612', 'BANCO GUANABARA S.A' ),
			(131, '604', 'BANCO INDUSTRIAL DO BRASIL S.A' ),
			(132, '505', 'BANCO CREDIT SUISSE (BRL) S.A' ),
			(133, '196', 'BANCO FAIR CC S.A' ),
			(134, '300', 'BANCO LA NACION ARGENTINA' ),
			(135, '477', 'CITIBANK N.A' ),
			(136, '266', 'BANCO CEDULA S.A' ),
			(137, '122', 'BANCO BRADESCO BERJ S.A' ),
			(138, '376', 'BANCO J.P. MORGAN S.A' ),
			(139, '473', 'BANCO CAIXA GERAL BRASIL S.A' ),
			(140, '745', 'BANCO CITIBANK S.A' ),
			(141, '120', 'BANCO RODOBENS S.A' ),
			(142, '265', 'BANCO FATOR S.A' ),
			(143, '007', 'BNDES (Banco Nacional do Desenvolvimento Social)' ),
			(144, '188', 'ATIVA S.A INVESTIMENTOS' ),
			(145, '134', 'BGC LIQUIDEZ DTVM LTDA' ),
			(146, '641', 'BANCO ALVORADA S.A' ),
			(147, '029', 'BANCO ITAÚ CONSIGNADO S.A' ),
			(148, '243', 'BANCO MÁXIMA S.A' ),
			(149, '078', 'HAITONG BI DO BRASIL S.A' ),
			(150, '111', 'BANCO OLIVEIRA TRUST DTVM S.A' ),
			(151, '017', 'BNY MELLON BANCO S.A' ),
			(152, '174', 'PERNAMBUCANAS FINANC S.A' ),
			(153, '495', 'LA PROVINCIA BUENOS AIRES BANCO' ),
			(154, '125', 'BRASIL PLURAL S.A BANCO' ),
			(155, '488', 'JPMORGAN CHASE BANK' ),
			(156, '065', 'BANCO ANDBANK S.A' ),
			(157, '492', 'ING BANK N.V' ),
			(158, '250', 'BANCO BCV' ),
			(159, '145', 'LEVYCAM CCV LTDA' ),
			(160, '494', 'BANCO REP ORIENTAL URUGUAY' ),
			(161, '253', 'BEXS CC S.A' ),
			(162, '269', 'HSBC BANCO DE INVESTIMENTO' ),
			(163, '213', 'BCO ARBI S.A' ),
			(164, '139', 'INTESA SANPAOLO BRASIL S.A' ),
			(165, '018', 'BANCO TRICURY S.A' ),
			(166, '630', 'BANCO INTERCAP S.A' ),
			(167, '224', 'BANCO FIBRA S.A' ),
			(168, '600', 'BANCO LUSO BRASILEIRO S.A' ),
			(169, '623', 'BANCO PAN' ),
			(170, '204', 'BANCO BRADESCO CARTOES S.A' ),
			(171, '479', 'BANCO ITAUBANK S.A' ),
			(172, '456', 'BANCO MUFG BRASIL S.A' ),
			(173, '464', 'BANCO SUMITOMO MITSUI BRASIL S.A' ),
			(174, '613', 'OMNI BANCO S.A' ),
			(175, '652', 'ITAÚ UNIBANCO HOLDING BM S.A' ),
			(176, '653', 'BANCO INDUSVAL S.A' ),
			(177, '069', 'BANCO CREFISA S.A' ),
			(178, '370', 'BANCO MIZUHO S.A' ),
			(179, '249', 'BANCO INVESTCRED UNIBANCO S.A' ),
			(180, '318', 'BANCO BMG S.A' ),
			(181, '626', 'BANCO FICSA S.A' ),
			(182, '270', 'SAGITUR CC LTDA' ),
			(183, '366', 'BANCO SOCIETE GENERALE BRASIL' ),
			(184, '113', 'MAGLIANO S.A' ),
			(185, '131', 'TULLETT PREBON BRASIL CVC LTDA' ),
			(186, '011', 'C.SUISSE HEDGING-GRIFFO CV S.A (Credit Suisse)' ),
			(187, '611', 'BANCO PAULISTA' ),
			(188, '755', 'BOFA MERRILL LYNCH BM S.A' ),
			(189, '089', 'CCR REG MOGIANA' ),
			(190, '643', 'BANCO PINE S.A' ),
			(191, '140', 'EASYNVEST - TÍTULO CV S.A' ),
			(192, '707', 'BANCO DAYCOVAL S.A' ),
			(193, '288', 'CAROL DTVM LTDA' ),
			(194, '101', 'RENASCENCA DTVM LTDA' ),
			(195, '487', 'DEUTSCHE BANK S.A BANCO ALEMÃO' ),
			(196, '233', 'BANCO CIFRA' ),
			(197, '177', 'GUIDE' ),
			(198, '633', 'BANCO RENDIMENTO S.A' ),
			(199, '218', 'BANCO BS2 S.A' ),
			(200, '292', 'BS2 DISTRIBUIDORA DE TÍTULOS E INVESTIMENTOS' ),
			(201, '169', 'BANCO OLÉ BONSUCESSO CONSIGNADO S.A' ),
			(202, '293', 'LASTRO RDV DTVM LTDA' ),
			(203, '285', 'FRENTE CC LTDA' ),
			(204, '080', 'B&T CC LTDA' ),
			(205, '753', 'NOVO BANCO CONTINENTAL S.A BM' ),
			(206, '222', 'BANCO CRÉDIT AGRICOLE BR S.A' ),
			(207, '754', 'BANCO SISTEMA' ),
			(208, '098', 'CREDIALIANÇA CCR' ),
			(209, '610', 'BANCO VR S.A' ),
			(210, '712', 'BANCO OURINVEST S.A' ),
			(211, '010', 'CREDICOAMO' ),
			(212, '283', 'RB CAPITAL INVESTIMENTOS DTVM LTDA' ),
			(213, '217', 'BANCO JOHN DEERE S.A' ),
			(214, '117', 'ADVANCED CC LTDA' ),
			(215, '336', 'BANCO C6 S.A - C6 BANK' ),
			(216, '654', 'BANCO DIGIMAIS S.A' ),
			(217, '461', 'ASAAS GESTÃO FINANCEIRA INSTITUIÇÃO DE PAGAMENTO S.A.' );	

	INSERT INTO financeiro.caixaespecie(idcaixaespecie, caixaespecie)
		VALUES
			(1, 'Banco'),
			(2, 'Cartão'),
			(3, 'Cheque Emitido'),
			(4, 'Cheque Recebido'),
			(5, 'Dinheiro'),
			(6, 'Transferência Bancária'),
			(7, 'Taxas Banco'),
			(8, 'Boleto Bancário'),
			(9, 'PIX');
	
	
	INSERT INTO vistoria.vistoriatipo(idvistoriatipo, vistoriatipo)
		VALUES
			(1, 'Entrada'),
			(2, 'Saída'),
			(3, 'Conferência');

	INSERT INTO vistoria.vistoriastatus(idvistoriastatus, vistoriastatus)
		VALUES
			( 1, 'Agendada'),
			( 2, 'Agendada e Atribuida'),
			( 3, 'Aguardando'),
			( 4, 'Atribuida'),
			( 5, 'Contestada'),
			( 6, 'Encerrada'),
			( 7, 'Inconforme'),
			( 8, 'Realizada'),
			( 9, 'Solicitada');

	INSERT INTO vistoria.vistoriadetalheestado(vistoriadetalheestado)
		VALUES 
			('Novo'),
			('Bom'),
			('Regular'),
			('Inservível');

	
	INSERT INTO imovelweb.imovelwebcliente(idimovelwebcliente, imovelwebcliente, clientsecret, ambiente)
		VALUES (1, '53D36BA4CD30579A7766E31CA061BEFB', '2280961016', 'http://api-br.sandbox.open.navent.com/');

	INSERT INTO imovelweb.imovelwebcategoria(idimovelwebcategoria, imovelwebcategoria)
		VALUES
			(1, 'Residencial'),
			(2, 'Comercial');	

	INSERT INTO imovelweb.imovelwebtipo(idimovelwebtipo, imovelwebtipo, idimovelwebcategoria)
		VALUES
			(1, 'Casa', 1),
			(2, 'Apartamento', 1),
			(1003, 'Terreno', 1),
			(1004, 'Rurais', 1),
			(1005, 'Comercial', 2);

	INSERT INTO imovelweb.imovelwebsubtipo( idimovelwebsubtipo, idimovelwebtipo, imovelwebsubtipo)
		VALUES
			( 1, 2, 'Padrão' ),
			( 2, 2, 'Kitchenette/Studio' ),
			( 3, 2, 'Loft' ),
			( 4, 2, 'Flat' ),
			( 5, 1, 'Padrão' ),
			( 6, 1, 'Casa de Condomínio' ),
			( 7, 1, 'Casa de Vila' ),
			( 8, 1003, 'Terreno Padrão' ),
			( 9, 1003, 'Loteamento/Condomínio' ),
			( 10, 1004, 'Chácara' ),
			( 12, 1004, 'Fazenda' ),
			( 13, 1004, 'Haras' ),
			( 14, 1005, 'Box/Garagem' ),
			( 15, 1005, 'Prédio Inteiro' ),
			( 16, 1005, 'Conjunto Comercial/sala' ),
			( 17, 1005, 'Casa Comercial' ),
			( 18, 1005, 'Loja de Shopping/Centro Comercial' ),
			( 19, 1005, 'Loja/Salão' ),
			( 20, 1005, 'Galpão/Depósito/Barracão' ),
			( 22, 1005, 'Hotel' ),( 23, 1005, 'Motel' ),
			( 24, 1005, 'Pousada/Chalé' ),
			( 25, 1005, 'Indústria' ),
			( 26, 2, 'Cobertura' ),
			( 27, 1005, 'Área Industrial' ),
			( 28, 1005, 'Consultório' ),
			( 29, 1005, 'Clínica' ),
			( 30, 1005, 'Andar' ),
			( 31, 1005, 'Ponto Comercial' ),
			( 32, 1005, 'Área Comercial' ),
			( 33, 1, 'Sobrado' ),
			( 34, 2, 'Duplex' ),
			( 35, 2, 'Triplex' ),
			( 36, 2, 'Quarto' ),
			( 37, 1, 'Quarto' );

	INSERT INTO imovelweb.imovelwebcaracteristicas( idimovelwebcaracteristicas, idimovelwebtipo, imovelwebcaracteristicas, alias, valor, idvalor, valornombre, idimoveldetalhe)
	    VALUES
			('CFT5', '{1, 2, 1003, 1004, 1005 }', 'PRINCIPALES|IDADE_DO_IMOVEL', 'Idade', null, null, null, null),
			('CFT4', '{1, 2, 1003, 1004, 1005 }', 'PRINCIPALES|SUITE', 'Suite', null, null, null, 32),
			('CFT3', '{1, 2, 1003, 1004, 1005 }', 'PRINCIPALES|BANHEIRO', 'Banheiro', null, null, null, 4),
			('CFT2', '{1, 2, 1003, 1004, 1005 }', 'PRINCIPALES|QUARTO', 'Quarto', null, null, null, 23),
			('CFT300', '{1, 2, 1003, 1004, 1005 }', 'UNIDADES_DE_DESARROLLO|UNIDADES_DISPONIBLES', 'Disponíveis', null, null, null, null),
			('CFT400', '{1,2, 1003, 1004, 1005 }', 'PRINCIPALES|IPTU', 'IPTU', null, null, null, null),
			('CFT7', '{1,2, 1003, 1004, 1005 }', 'PRINCIPALES|VAGA', 'Garagem/Vaga', null, null, null,34),
			('CFT6', '{1,2, 1003, 1004, 1005 }', 'PRINCIPALES|CONDOMINIO', 'Condomínio', null, null, null, null),
			('CFT101', '{1,2, 1003, 1004, 1005 }', 'MEDIDAS|AREA_UTIL', 'Área Util', null, null, null, null),
			('CFT100', '{1,2, 1003, 1004, 1005 }', 'MEDIDAS|AREA_TOTAL', 'Area Total', null, null, null, null),
			('CON1', '{1,2, 1003, 1004, 1005 }', 'MEDIDAS|UNIDAD_DE_MEDIDA', 'Unidades de Medida', null, '{HA, M2}', '{Hectáreas, Metro Cuadrado}', null),
			('20228', '{1 }', 'AMBIENTES|ENTRADA_INDEPENDENTE', 'Entrada', null, '{1, 0}', '{True, False}', null),
			('20010', '{1,2, 1005 }', 'AREA_PRIVATIVA|AQUECEDOR', 'Aquecedor', null, '{1, 0}', '{True, False}', null),
			('20011', '{1,2, 1005 }', 'AREA_PRIVATIVA|AQUECIMENTO_CENTRAL', 'Aquecimento Central', null, '{1, 0}', '{True, False}', null),
			('20012', '{1,2, 1005 }', 'AREA_PRIVATIVA|AR_CONDICIONADO', 'Aquecimento Central', null, '{1,0}', '{True, False}', 8),
			('20017', '{1 }', 'AREA_PRIVATIVA|AREA_DE_SERVIÇO', 'Area de Serviço', null, '{1, 0}', '{True, False}', 3),
			('20026', '{1,2 }', 'AREA_PRIVATIVA|BIBLIOTECA', 'Biblioteca', null, '{1, 0}', '{True, False}', 5),
			('20210', '{1, 1004 }', 'AREA_PRIVATIVA|CASEIRO', 'Caseiro', null, '{1, 0}', '{True, False}', null),		
			('20042', '{1004 }', 'AREA_PRIVATIVA|CELEIRO', 'Celeiro', null, '{1, 0}', '{True, False}', null),
			('20048', '{1,2 }', 'AREA_PRIVATIVA|CHURRASQUEIRA', 'Churrasqueira', null, '{1, 0}', '{True, False}', 6),
			('20050', '{1,2 }', 'AREA_PRIVATIVA|CLOSET', 'Closet', null, '{1, 0}', '{True, False}', 7),
			('20056', '{1,2 }', 'AREA_PRIVATIVA|COZINHA_AMERICANA', 'Cozinha Americana', null, '{1, 0}', '{True, False}', null),
			('20057', '{1, 2 }', 'AREA_PRIVATIVA|COZINHA_GOURMET', 'Cozinha Gourmet', null, '{1, 0}', '{True, False}', null),
			('20058', '{1, 2 }', 'AREA_PRIVATIVA|COZINHA_INDEPENDENTE', 'Cozinha Independente', null, '{1, 0}', '{True, False}', 37),
			('20059', '{1004 }', 'AREA_PRIVATIVA|CURRAL', 'Curral', null, '{1, 0}', '{True, False}', null),
			('20062', '{1, 2 }', 'AREA_PRIVATIVA|DEPENDÊNCIA_DE_EMPREGADOS', 'Dependência Empregados', null, '{1, 0}', '{True, False}', 10),
			('20065', '{1, 2 }', 'AREA_PRIVATIVA|DESPENSA', 'Despenda', null, '{1, 0}', '{True, False}', 11),
			('20071', '{1 }', 'AREA_PRIVATIVA|ELEVADOR', 'Elevador', null, '{1, 0}', '{True, False}', null),
			('20074', '{2 }', 'AREA_PRIVATIVA|ENTRADA_DE_SERVIÇO', 'Entrada de Serviço', null, '{1, 0}', '{True, False}', null),
			('20077', '{1, 2 }', 'AREA_PRIVATIVA|ESCRITORIO', 'Escritório', null, '{1, 0}', '{True, False}', 13),
			('20080', '{1, 2 }', 'AREA_PRIVATIVA|ESPAÇO_GOURMET', 'Espaço Gourmet', null, '{1, 0}', '{True, False}', null),
			('20212', '{1, 2 }', 'AREA_PRIVATIVA|FREEZER', 'Freezer', null, '{1, 0}', '{True, False}', null),
			('20213', '{1, 2 }', 'AREA_PRIVATIVA|GELADEIRA', 'Geladeira', null, '{1, 0}', '{True, False}', null),
			('20106', '{1, 2 }', 'AREA_PRIVATIVA|HIDROMASSAGEM', 'Hidromassagem', null, '{1, 0}', '{True, False}', null),
			('20107', '{1004 }', 'AREA_PRIVATIVA|HORTA', 'Horta', null, '{1, 0}', '{True, False}', null),
			('20109', '{1, 2, 1005 }', 'AREA_PRIVATIVA|INTERNET_WIRELESS', 'Internet', null, '{1, 0}', '{True, False}', null),
			('20110', '{1 }', 'AREA_PRIVATIVA|JARDIM', 'Jardim', null, '{1, 0}', '{True, False}', null),
			('20114', '{2 }', 'AREA_PRIVATIVA|LAREIRA', 'Lareira', null, '{1, 0}', '{True, False}', 15),
			('20116', '{1, 2 }', 'AREA_PRIVATIVA|LAVA-LOUÇA', 'Lava Louça', null, '{1, 0}', '{True, False}', null),
			('20117', '{1, 2 }', 'AREA_PRIVATIVA|LAVANDERIA', 'Lavanderia', null, '{1, 0}', '{True, False}', 17),
			('20124', '{1, 2, 1005 }', 'AREA_PRIVATIVA|MEZANINO', 'Mezanino', null, '{1, 0}', '{True, False}', 19),
			('20125', '{1, 2 }', 'AREA_PRIVATIVA|MICROONDAS', 'Microondas', null, '{1, 0}', '{True, False}', null),
			('20126', '{1, 2 }', 'AREA_PRIVATIVA|MOBILIADO', 'Mobiliado', null, '{1, 0}', '{True, False}', null),
			('20135', '{1, 2 }', 'AREA_PRIVATIVA|PERMITE_ANIMAIS', 'Permite Animais', null, '{1, 0}', '{True, False}', null),
			('20140', '{1, 2 }', 'AREA_PRIVATIVA|PISCINA', 'Piscina', null, '{1, 0}', '{True, False}', 22),
			('20152', '{1, 2 }', 'AREA_PRIVATIVA|PLAYGROUND', 'Playground', null, '{1, 0}', '{True, False}', null),
			('20166', '{1 }', 'AREA_PRIVATIVA|QUINTAL', 'Quintal', null, '{1, 0}', '{True, False}', 21),
			('20214', '{1, 2 }', 'AREA_PRIVATIVA|ROUPA_DE_CAMA', 'Roupa de Cama', null, '{1, 0}', '{True, False}', null),
			('20177', '{1, 2 }', 'AREA_PRIVATIVA|SALA_DE_JANTAR', 'Sala de Jantar', null, '{1, 0}', '{True, False}', 28),
			('20184', '{1, 2, 1003, 1004, 1005 }', 'AREA_PRIVATIVA|SISTEMA_DE_ALARME', 'Alarme', null, '{1, 0}', '{True, False}', null),
			('20230', '{1, 2 }', 'AREA_PRIVATIVA|SUITE', 'Suite', null, '{1, 0}', '{True, False}', null),
			('20216', '{1, 2, 1005 }', 'AREA_PRIVATIVA|TELEFONE', 'Telefone', null, '{1, 0}', '{True, False}', null),
			('20217', '{2 }', 'AREA_PRIVATIVA|TV', 'Televisão', null, '{1, 0}', '{True, False}', null),
			('20199', '{1, 2 }', 'AREA_PRIVATIVA|VARANDA', 'Varanda', null, '{1, 0}', '{True, False}', 35),
			('20088', '{2 }', 'AREA_PRIVATIVA|ESTUDA_PERMUTA', 'Estuda Permuta', null, '{1, 0}', '{True, False}', null),
			('10005', '{2 }', 'AREAS_COMUNS|ACESSO_PARA_DEFICIENTES', 'Acesso para Deficientes', null, '{1, 0}', '{True, False}', null),
			('10016', '{1 }', 'AREAS_COMUNS|AREA_DE_LAZER', 'Área de Lazer', null, '{1, 0}', '{True, False}', null),
			('10018', '{1, 2 }', 'AREAS_COMUNS|AREA_VERDE', 'Área Verde', null, '{1, 0}', '{True, False}', null),
			('10026', '{1, 2 }', 'AREAS_COMUNS|BIBLIOTECA', 'Biblioteca', null, '{1, 0}', '{True, False}', null),
			('10027', '{2 }', 'AREAS_COMUNS|BICICLETARIO', 'Bibliotecario', null, '{1, 0}', '{True, False}', null),
			('10028', '{1, 2 }', 'AREAS_COMUNS|BRINQUEDOTECA', 'Brinquedoteca', null, '{1, 0}', '{True, False}', null),
			('10030', '{1, 2, 1003, 1004, 1005 }', 'AREAS_COMUNS|CÂMERAS_DE_SEGURANÇA', 'Câmeras', null, '{1, 0}', '{True, False}', null),
			('10031', '{1, 2 }', 'AREAS_COMUNS|CAMPO_DE_FUTEBOL', 'Campo de Futebol', null, '{1, 0}', '{True, False}', null),
			('10032', '{1, 2 }', 'AREAS_COMUNS|CAMPO_DE_GOLFE', 'Campo de Golfe', null, '{1, 0}', '{True, False}', null),
			('10090', '{1, 2 }', 'AREAS_COMUNS|FITNESS/SALA_DE_GINASTICA', 'Sala de Ginástica', null, '{1, 0}', '{True, False}', null),
			('10103', '{1, 2, 1003, 1004, 1005 }', 'AREAS_COMUNS|GUARITA', 'Guarita', null, '{1, 0}', '{True, False}', null),
			('10140', '{1, 2 }', 'AREAS_COMUNS|PISCINA', 'Piscina', null, '{1, 0}', '{True, False}', null),
			('10148', '{2 }', 'AREAS_COMUNS|CHURRASQUEIRA', 'Churrasqueira', null, '{1, 0}', '{True, False}', null),
			('10152', '{2 }', 'AREAS_COMUNS|PLAYGROUND', 'Playground', null, '{1, 0}', '{True, False}', null),
			('10158', '{2 }', 'AREAS_COMUNS|PORTARIA_24_HORAS', 'Portaria 24H', null, '{1, 0}', '{True, False}', null),
			('10165', '{1, 2 }', 'AREAS_COMUNS|QUADRA_POLIESPORTIVA', 'Quadra Poliesportiva', null, '{1, 0}', '{True, False}', null),
			('10071', '{2 }', 'AREAS_COMUNS|ELEVADOR', 'Elevador', null, '{1, 0}', '{True, False}', null),
			('10080', '{2 }', 'AREAS_COMUNS|ESPAÇO_GOURMET', 'Espaço Gourmet', null, '{1, 0}', '{True, False}', null),
			('10117', '{2 }', 'AREAS_COMUNS|LAVANDERIA', 'Lavanderia', null, '{1, 0}', '{True, False}', null),
			('10181', '{1, 2 }', 'AREAS_COMUNS|SALÃO_DE_FESTAS', 'Salão de Festas', null, '{1, 0}', '{True, False}', 30),
			('10182', '{1, 2 }', 'AREAS_COMUNS|SALÃO_DE_JOGOS', 'Salão de Jogos', null, '{1, 0}', '{True, False}', null),
			('10183', '{1, 2 }', 'AREAS_COMUNS|SAUNA', 'Sauna', null, '{1, 0}', '{True, False}', null),
			('10084', '{2 }', 'AREAS_COMUNS|ESTACIONAMENTO_PARA_VISITANTES', 'Estacionamento para Visitantes', null, '{1, 0}', '{True, False}', null),
			('10184', '{2 }', 'AREAS_COMUNS|SISTEMA_DE_ALARME', 'Sistema de Alarme', null, '{1, 0}', '{True, False}', null),
			('10187', '{1, 2  }', 'AREAS_COMUNS|SOLARIUM', 'Solarium', null, '{1, 0}', '{True, False}', null),
			('10189', '{1, 2 }', 'AREAS_COMUNS|SPA', 'Spa',null, '{1, 0}', '{True, False}', null),
			('10206', '{1, 2 }', 'AREAS_COMUNS|VESTIARIO', 'Vestiário', null, '{1, 0}', '{True, False}', null),
			('10208', '{1, 2, 1003, 1004, 1005 }', 'AREAS_COMUNS|VIGILÂNCIA_24H', 'Vigilância 24h', null, '{1, 0}', '{True, False}', null),
			('10088', '{2 }', 'AREAS_COMUNS|ESTUDA_PERMUTA', 'Estuda Permuta', null, '{1, 0}', '{True, False}', null),
			('10161', '{2 }', 'AREAS_COMUNS|PROXIMO_AO_METRO', 'Próximo ao Metrô', null, '{1, 0}', '{True, False}', null),
			('30025', '{1, 2, 1003, 1004, 1005}', 'AGRUPADA|PISCINAS_COMUNS', 'Piscinas Comuns', null, '{1, 0}', '{True, False}', null),
			('30026', '{1, 2, 1004, 1005 }', 'AGRUPADA|PISCINAS_PRIVATIVAS', 'Piscinas Privativas', null, '{1, 0}', '{True, False}', null),
			('30002', '{1, 2, 1003, 1004, 1005 }', 'OTROS|ACEITA_FGTS', 'Aceita FGTS', null, '{1, 0}', '{True, False}', null),
			('30001', '{1, 2, 1005 }', 'OTROS|ANDARES', 'Andates', null, '{1, 0}', '{True, False}', null),
			('30004', '{2 }', 'OTROS|POSIÇÃO_DO_APTO', 'Posição do Apartamento', null, '{300041, 300042, 300043, 300044}', '{Frente, Fundos, Lateral, Meio}', null);


INSERT INTO site.sitetemplate( idsitetemplate, sitetemplate, description, image, path, versao)
	VALUES
	    ( 1, 'Versão 1 - Template 01', 'Versão 1 - Template 01', null, 'template/v1/template1', 1),
	    ( 2, 'Versão 1 - Template 02', 'Versão 1 - Template 02', null, 'template/v1/template2', 1),
	    ( 3, 'Versão 2 - Template 01', 'Versão 2 - Template 01', null, 'template/v2/template1', 2),
	    ( 4, 'Versão 2 - Template 02', 'Versão 2 - Template 02', null, 'template/v2/template2', 2),
	    ( 5, 'Versão 2 - Template 03', 'Versão 2 - Template 03', null, 'template/v2/template3', 2),
	    ( 6, 'Versão 2 - Template 04', 'Versão 2 - Template 04', null, 'template/v2/template4', 2),
	    ( 7, 'Versão 2 - Template 05', 'Versão 2 - Template 05', null, 'template/v2/template5', 2),
	    ( 8, 'Versão 2 - Template 06', 'Versão 2 - Template 06', null, 'template/v2/template6', 2),
	    ( 9, 'Versão 2 - Template 07', 'Versão 2 - Template 07', null, 'template/v2/template7', 2),
	    (10, 'Versão 2 - Template 08', 'Versão 2 - Template 08', null, 'template/v2/template8', 2),
	    (11, 'Versão 2 - Template 09', 'Versão 2 - Template 09', null, 'template/v2/template9', 2);
		

INSERT INTO contrato.contratopessoaqualificacao(idcontratopessoaqualificacao, contratopessoaqualificacao)
	VALUES
		(2, 'Inquilino(a)/Locatário(a)/Arrendatário(a)'),
		(3, 'Proprietário(a)/Locador(a)/Arrendador(a)/Sucessor(a)'),
		(4, 'Procurador(a)'),
		(5, 'Testemunha'),
		(6, 'Fiador(a)');


INSERT INTO contrato.contratoato (idcontratoato,contratoato)
	VALUES
		(1,'Aditivo'),
		(2,'Atualização Monetária'),
		(3,'Extinção'),
		(4,'Prorrogação'),
		(5,'Transferência'); 


INSERT INTO contrato.contratoalteracaotipo (idcontratoalteracaotipo,idcontratoato,contratoalteracaotipo)
	VALUES
		(1,5,'Cessão'),
		(2,5,'Sub Rogação'),
		(3,5,'Sub-locação'),
		(4,3,'Prescrição'),
		(5,3,'Rescisão'),
		(6,3,'Distrato'),
		(7,3,'Denúncia'),
		(8,4,'Tácita'),
		(9,4,'Via Aditivo'),
		(10,2,'Revisão'),
		(11,2,'Reajuste'),
		(12,1,'Aditamento');

		
INSERT INTO autenticador.documentotipo(iddocumentotipo, documentotipo)
	VALUES
		(1, 'Autorização'),
		(2, 'Contrato'),
		(3, 'Protocolo'),
		(4, 'Recibo'),
		(5, 'Vistoria');

		


INSERT INTO financeiro.bancotipoconta(idbancotipoconta, bancotipoconta, bankaccounttype)
	VALUES
		(1, 'Conta Corrente', 'CONTA_CORRENTE'),
		(2, 'Conta Poupança', 'CONTA_POUPANCA');


INSERT INTO financeiro.bancopixtipo(idbancopixtipo, bancopixtipo, pixaddresskeytype)
	VALUES
		(1, 'Chave Aleatória', 'EVP'),
		(2, 'CNPJ/CPF', 'CNPJ'),
		(3, 'Email', 'EMAIL'),
		(4, 'Telefone', 'PHONE');


INSERT INTO financeiro.pconta(idgenealogy, people, idparent)
	VALUES
		(1, '01 Receitas', null),
		(2, '02 Despesas', null);
		

INSERT INTO financeiro.faturaformapagamento(idfaturaformapagamento, billingtype, faturaformapagamento,deletedat)
	VALUES
		(1, 'BOLETO', 'Boleto / PIX', null),
		(2, 'CREDIT_CARD', 'Catão de Crédito', '2023-10-11 00:00:00'),
		(3, 'PIX', 'pix', null),
		(4, 'UNDEFINED', 'Perguntar ao Cliente', '2023-10-11 00:00:00');

INSERT INTO site.sitesecao(idsitesecao, nome, filename, versao)
    VALUES
        (1, 'Grid Comprar',     'indexgridsale.tpl', 3),
        (2, 'Grid Alguel',      'indexgridrent.tpl', 3),
        (3, 'Grid Rural',       'indexgridrural.tpl', 3),
        (4, 'Lançamentos 1',    'indexgridlancamento1.tpl', 2),
        (5, 'Lançamentos 2',    'indexgridlancamento2.tpl', 2),
        (6, 'Texto',            'indexgridtext.tpl', 1),
        (7, 'Tipo de Imóvel 1', 'indexgridproptype1.tpl', 2),
        (8, 'Tipo de Imóvel 2', 'indexgridproptype2.tpl', 2),
        (9, 'Corretores',       'indexgridagent.tpl', 2),
        (10, 'Estatísticas 1',  'indexgridstats1.tpl', 2),
        (11, 'Estatísticas 2',  'indexgridstats2.tpl', 2),
        (12, 'Depoimentos 1',   'indexgridtestemunho1.tpl', 2),
        (13, 'Depoimentos 2',   'indexgridtestemunho2.tpl', 2),
        (14, 'Cidades 1',       'indexgridcity.tpl', 2),
        (15, 'Lançamentos',     'indexgridlancamento.tpl', 1),
        (16, 'Depoimentos',     'indexgridtestemunho.tpl', 1);


-- em 14/09/2024
INSERT INTO public.relatorio(idrelatorio,
                             classe,
                             cor,
                             createdat,
                             createdby,
                             deletedat,
                             deletedby,
                             descricao,
                             format,
                             icone,
                             orientacao,
                             ordem,
                             posicao,
                             sentido,
                             titulo,
                             updatedat,
                             updatedby,
                             estilo)
    VALUES
        (1, 'CaixaReportForm', '#009688', NOW(), 1, NULL, NULL, 'Relatório de Caixa padrão', 'html', 'fas fa-cash-register', 'P', 'dtcaixa', 5, 'asc', 'Caixa Básico', NULL, NULL, NULL),
        (2, 'FaturaReportForm', '#3F51B5', NOW(), 1, NULL, NULL, 'Pag/Rec Básico Resumido', 'html', 'fas fa-file-alt', 'P', 'idfatura', 10, 'asc', 'Pag/Rec Básico Resumido', NULL, NULL, 'R'),
        (3, 'FaturaReportForm', '#3F51B5', NOW(), 1, NULL, NULL, 'Pag/Rec Básico Ampliado', 'html', 'fas fa-file-invoice-dollar', 'P', 'idfatura', 20,  'asc', 'Pag/Reg Básico Ampliado', NULL, NULL, 'A');


INSERT INTO public.relatoriodetalhe( idrelatoriodetalhe,
									 idrelatorio,
									 coluna,
									 largura,totais)
	VALUES
		(1, 1, 'idcaixa', NULL, 'C'),
		(2, 1, 'dtcaixa', NULL, NULL),
		(3, 1, 'pessoa', 200, NULL),
		(4, 1, 'valor', NULL, 'S'),
		(5, 1, 'juros', NULL, 'S'),
		(6, 1, 'multa', NULL, 'S'),
		(7, 1, 'desconto', NULL, 'S'),
		(8, 1, 'valortotal', NULL, 'S'),
		(9, 2, 'idfatura', NULL, NULL),
		(10, 2, 'pessoa', 200, NULL),
		(11, 2, 'dtvencimento', NULL, NULL),
		(12, 2, 'dtpagamento', NULL, NULL),
		(13, 2, 'valortotal', NULL, 'S'),
		(14, 2, 'caixavalor', NULL, 'S'),
		(15, 3, 'idfatura', NULL, NULL),
		(16, 3, 'pessoa', 200, NULL),
		(17, 3, 'dtvencimento', NULL, NULL),
		(18, 3, 'dtpagamento', NULL, NULL),
		(19, 3, 'valortotal', NULL, 'S'),
		(20, 3, 'caixavalor', NULL, 'S');

-- 12/10/2024

INSERT INTO openai.openaiapi( idopenaiapi, apikey, apiurl)
    VALUES (1, 'sua_chave_de_api_aqui', 'https://api.openai.com/v1/chat/completions');

INSERT INTO openai.openaiassunto(idonpenaiassunto, idopenaiapi, assunto, data_model, max_tokens, prompt, temperature, system_content)
    VALUES
          (1,
           1,
           'Contrato de Locação de Imóvel',
           'gpt-4',
           500,
           'Crie um contrato de locação de imóvel conforme a Lei do Inquilinato Brasileira, Lei nº 8.245/1991. Inclua as seguintes informações:
{$detalhes_do_prompt}
O título deve conter o número do contrato.
Deve estar numerado em cláusulas.
Em caso de contrato garantido, deve ser incluída uma cláusula especificando que o repasse será realizado na data de vencimento das faturas, independentemente da confirmação de pagamento.
No final deve haver espaço para as assinaturas das partes com o nome da pessoa e o CPF ou CNPJ, com a devida qualificação, como exemplo: Locador, Inquilino, etc.
Coloque os valores por extenso quando fornecidos.',
           0.7,
           'Você é um assistente legal especializado na geração de contratos de locação imobiliária no Brasil.
Os documentos são gerados em formato HTML com a codificação de UTF8, otimizados para impressão no formato A4.'
          ),
          (2,
           1,
           'Termos de Reajuste de Contrato',
           'gpt-4',
           500,
           'Inclua as seguintes informações:{$detalhes_do_prompt}. Assegure-se de que todas as cláusulas obrigatórias da legislação brasileira estejam presentes.',
           0.7,
           'Você é um assistente legal especializado na geração de contratos de locação imobiliária no Brasil. Os documentos são gerados em formato HTML, otimizados para impressão no formato A4.'
          ),
          (3,
           1,
           'Termos de Renovação de Contrato',
           'gpt-4',
           500,
           'Inclua as seguintes informações:{$detalhes_do_prompt}. Assegure-se de que todas as cláusulas obrigatórias da legislação brasileira estejam presentes.',
           0.7,
           'Você é um assistente legal especializado na geração de contratos de locação imobiliária no Brasil. Os documentos são gerados em formato HTML, otimizados para impressão no formato A4.'
          ),
          (4,
           1,
           'Termo Aditivo de contrato',
           'gpt-4',
           500,
           'Inclua as seguintes informações:{$detalhes_do_prompt}. Assegure-se de que todas as cláusulas obrigatórias da legislação brasileira estejam presentes.',
           0.7,
           'Você é um assistente legal especializado na geração de contratos de locação imobiliária no Brasil. Os documentos são gerados em formato HTML, otimizados para impressão no formato A4.'
          ),
          (5,
           1,
           'Termo de Transferência de Contrato',
           'gpt-4',
           500,
           'Inclua as seguintes informações:{$detalhes_do_prompt}. Assegure-se de que todas as cláusulas obrigatórias da legislação brasileira estejam presentes.',
           0.7,
           'Você é um assistente legal especializado na geração de contratos de locação imobiliária no Brasil. Os documentos são gerados em formato HTML, otimizados para impressão no formato A4.'
          ),
          (6,
           1,
           'Termo de Recisão de Contrato',
           'gpt-4',
           500,
           'Inclua as seguintes informações:{$detalhes_do_prompt}. Assegure-se de que todas as cláusulas obrigatórias da legislação brasileira estejam presentes.',
           0.7,
           'Você é um assistente legal especializado na geração de contratos de locação imobiliária no Brasil. Os documentos são gerados em formato HTML, otimizados para impressão no formato A4.'
          ),
          (7,
           1,
           'Características (Descrição) do Imóvel',
           'gpt-4',
           500,
           'Crie uma descrição sucinta para a divulgação do imóvel em um site. Utilize os seguintes dados:\n{$detalhes_do_prompt}.',
           0.9,
           'Você é um corretor especializado na descrição de imóveis para a divulgação em um site. Não detalhe o imóvel, coloque somente uma pequena descrição em apenas um parágrafo.'
          );

-- 29/12/2024

INSERT INTO site.site(idsite,
                      idsitetemplate,
                      about,
                      active,
                      collordefault,
                      collordefaulttext,
                      customerbutton,
                      customerfolder,
                      description,
                      domain,
                      enddate,
                      endereco,
                      facebook,
                      idanalityc,
                      idunit,
                      idwatermark,
                      iframe,
                      instagran,
                      keysecretemail,
                      keywords, 
                      logomarca,
                      mission,
                      msgcookies,
                      orderalbum,
                      patchphotos,
                      rodape,
                      sitekeyemail,
                      startdate,
                      telefone,
                      telegram,
                      textsectionmain,
                      title,
                      transparency,
                      watermark,
                      whatsapp,
                      whatsappphone,
                      youtube,
                      apikeygooglemaps)
	VALUES (1,
	        1,
	        '<p>Imobi-k<br></p>',
	        true,
	        '#9C27B0',
	        '#FFFFFF',
	        false,
	        null,
	        'Modelo de Site da Imobi-k.Simplificando a administração de locação de imóveis',
	        'site.imobik.app.br',
	        null,
	        null,
	        null,
	        null,
	        1,
	        0,
	        null,
	        null,
	        null,
	        'administração de locação de imóveis, sistema locação imóveis',
	        null,
	        'Simplificando a administração de locação de imóveis',
	        'Aviso! Utilizamos cookies para oferecer melhor experiência, melhorar o desempenho, analisar como você interage em nosso site e personalizar conteúdo. Ao utilizar este site, você concorda com o uso de cookies.',
	        'A',
	        'inserir o caminho das fotos',
	        'Simplificando a administração de locação de imóveis',
	        null,
	        null,
	        null,
	        null,
	        '<p>Simplificando a administração de locação de imóveis</p>',
	        'Site Demonstração',
	        50,
	        null,
	        null,
	        null,
	        null,
	        null);

INSERT INTO site.sitesecaotitulo(idsitesecaotitulo,
                                 idsite,
                                 idsitesecao,
                                 sitesecaotitulo,
                                 ordenacao)
	VALUES (1, 1, 1, 'Imóveis para Alugar', null),
	       (2, 1, 2, 'Imóveis para Comprar', null),
	       (3, 1, 3, 'Imóveis Rurais', null),
	       (4, 1, 4, 'Imóveis de Lançamento Modelo 1', null),
	       (5, 1, 5, 'Imóveis de Lançamento Modelo 2', null),
	       (6, 1, 7, 'Depoimentos Modelo 1', null),
	       (7, 1, 8, 'Depoimentos Modelo 2', null),
	       (8, 1, 9, 'Imóveis por Tipo Modelo 1', null),
	       (9, 1, 10, 'Imóveis por Tipo Modelo 2', null),
	       (10, 1, 11, 'Imóveis por Cidade', null),
	       (11, 1, 12, 'Corretores', null),
	       (12, 1, 13, 'Estatísticas Modelo 1', null),
	       (13, 1, 14, 'Estatísticas Modelo 2', null);

